Com Nam	https://www.tripadvisor.de/Restaurant_Review-g187323-d13546129-Reviews-Com_Nam-Berlin.html	Große Präsidentenstraße 5		10178 Berlin,	5€ - 9€	['vietnamesisch', 'Suppen']	['für Vegetarier geeignet', 'vegane Speisen', 'glutenfreie Speisen']	4,5 	57
Ristorante Pizzeria Sapori di Casa	https://www.tripadvisor.de/Restaurant_Review-g187323-d12475273-Reviews-Ristorante_Pizzeria_Sapori_di_Casa-Berlin.html	Wilsnacker Str. 61		10559 Berlin,	2€ - 20€	['italienisch', 'Pizza', 'Meeresfrüchte', 'Sizilianisch', 'Süditalienisch', 'mediterran', 'europäisch']	['für Vegetarier geeignet', 'vegane Speisen', 'glutenfreie Speisen']	5,0 	268
häppies	https://www.tripadvisor.de/Restaurant_Review-g187323-d8025081-Reviews-Happies-Berlin.html	Dunckerstraße 85		10437 Berlin,	4€ - 6€	['europäisch', 'Fusion']	['für Vegetarier geeignet', 'vegane Speisen']	5,0 	337
Restaurant Buschbeck's	https://www.tripadvisor.de/Restaurant_Review-g187323-d10700265-Reviews-Restaurant_Buschbeck_s-Berlin.html	Trendelenburgstr. 14		14057 Berlin,	4€ - 16€	['deutsch', 'mediterran', 'europäisch', 'mitteleuropäisch']	['für Vegetarier geeignet', 'vegane Speisen', 'glutenfreie Speisen']	5,0 	218
Ristorante A Mano	https://www.tripadvisor.de/Restaurant_Review-g187323-d3546513-Reviews-Ristorante_A_Mano-Berlin.html	Strausberger Platz 2		10243 Berlin,	20€ - 40€	['italienisch', 'mediterran', 'europäisch', 'Sizilianisch', 'Süditalienisch']	['für Vegetarier geeignet', 'vegane Speisen']	4,5 	2.344
Clubrestaurant am Wannsee	https://www.tripadvisor.de/Restaurant_Review-g187323-d7254454-Reviews-Clubrestaurant_am_Wannsee-Berlin.html	Scabellstrasse 10-11		14109 Berlin,	20€ - 35€	['deutsch', 'mitteleuropäisch', 'europäisch']	['für Vegetarier geeignet', 'vegane Speisen']	5,0 	143
MontRaw Restaurant	https://www.tripadvisor.de/Restaurant_Review-g187323-d13418212-Reviews-MontRaw_Restaurant-Berlin.html	Strassburger Str. 33		10405 Berlin,	30€ - 45€	['mediterran', 'europäisch']	['für Vegetarier geeignet', 'vegane Speisen', 'glutenfreie Speisen']	5,0 	120
Die Eselin von A.	https://www.tripadvisor.de/Restaurant_Review-g187323-d2456695-Reviews-Die_Eselin_von_A-Berlin.html	Schloßstrasse 61	Ecke Schusterhrusstraße	14059 Berlin,	8€ - 26€	['deutsch', 'Meeresfrüchte', 'mediterran', 'europäisch', 'mitteleuropäisch']	['für Vegetarier geeignet', 'vegane Speisen', 'glutenfreie Speisen']	4,5 	349
Rüyam Gemüse Kebab	https://www.tripadvisor.de/Restaurant_Review-g187323-d10234425-Reviews-Rueyam_Gemuese_Kebab-Berlin.html	Hauptstraße 133		10827 Berlin,	Fast Food, türkisch, orientalisch	['für Vegetarier geeignet', 'vegane Speisen', 'halal']	['Mittagessen', 'Abendessen']	4,5 	147
Maison Umami	https://www.tripadvisor.de/Restaurant_Review-g187323-d13961993-Reviews-Maison_Umami-Berlin.html	Schlesische Str. 5		10997 Berlin,	3€ - 18€	['asiatisch', 'vietnamesisch', 'Fusion']	['für Vegetarier geeignet', 'vegane Speisen', 'glutenfreie Speisen']	4,5 	173
Trattoria Portofino	https://www.tripadvisor.de/Restaurant_Review-g187323-d8685515-Reviews-Trattoria_Portofino-Berlin.html	Gubener Str. 48		10243 Berlin,	italienisch, Pizza, mediterran, europäisch	['für Vegetarier geeignet', 'vegane Speisen']	['Mittagessen', 'Abendessen']	4,5 	806
Salamat	https://www.tripadvisor.de/Restaurant_Review-g187323-d11813181-Reviews-Salamat-Berlin.html	Gartenstr. 1	U Rosenthaler Platz / S Nordbahnhof	10115 Berlin,	4€ - 12€	['orientalisch', 'arabisch']	['für Vegetarier geeignet', 'vegane Speisen', 'halal']	5,0 	83
La Gondola Due	https://www.tripadvisor.de/Restaurant_Review-g187323-d3805087-Reviews-La_Gondola_Due-Berlin.html	Beerenstraße 57		14163 Berlin,	italienisch, mediterran, europäisch	['für Vegetarier geeignet', 'vegane Speisen', 'glutenfreie Speisen']	['Mittagessen', 'Abendessen']	4,5 	474
Flamingo Fresh Food Bar	https://www.tripadvisor.de/Restaurant_Review-g187323-d1953128-Reviews-Flamingo_Fresh_Food_Bar-Berlin.html	Neustädtische Kirchstraße 8		10117 Berlin,	7€ - 20€	['Café', 'international', 'europäisch', 'gesund', 'Suppen']	['für Vegetarier geeignet', 'vegane Speisen', 'glutenfreie Speisen']	4,5 	920
La Caleta	https://www.tripadvisor.de/Restaurant_Review-g187323-d1916325-Reviews-La_Caleta-Berlin.html	Wielandstr. 26		10707 Berlin,	Meeresfrüchte, mediterran, europäisch, spanisch	['für Vegetarier geeignet', 'vegane Speisen', 'glutenfreie Speisen']	['Abendessen', 'Spätabends']	4,5 	366
Hasty Pastry	https://www.tripadvisor.de/Restaurant_Review-g187323-d13994194-Reviews-Hasty_Pastry-Berlin.html	Bayreuther Straße 6		10787 Berlin,	2€ - 9€	['Café', 'italienisch', 'europäisch', 'Deli', 'Street Food']	['für Vegetarier geeignet', 'vegane Speisen', 'glutenfreie Speisen']	4,5 	212
Masteca e Tasi	https://www.tripadvisor.de/Restaurant_Review-g187323-d5524099-Reviews-Masteca_e_Tasi-Berlin.html	Neue Bahnhofstrasse 22		10245 Berlin,	4€ - 15€	['italienisch', 'mediterran', 'europäisch']	['für Vegetarier geeignet']	4,5 	188
Skykitchen	https://www.tripadvisor.de/Restaurant_Review-g187323-d4261461-Reviews-Skykitchen-Berlin.html	Landsberger Allee 106	im andel's Hotel Berlin	10369 Berlin,	71€ - 199€	['international']	['für Vegetarier geeignet', 'vegane Speisen', 'glutenfreie Speisen']	4,5 	358
Focaccino	https://www.tripadvisor.de/Restaurant_Review-g187323-d1344552-Reviews-Focaccino-Berlin.html	Stuttgarter Platz 16		10627 Berlin,	13€ - 40€	['Sizilianisch', 'Süditalienisch']	['für Vegetarier geeignet', 'vegane Speisen', 'glutenfreie Speisen']	4,5 	614
El Loco	https://www.tripadvisor.de/Restaurant_Review-g187323-d6499724-Reviews-El_Loco_Berlin-Berlin.html	Freiheit 5		12555 Berlin,	5€ - 30€	['mexikanisch', 'South-Western', 'lateinamerikanisch', 'mittelamerikanisch', 'spanisch']	['für Vegetarier geeignet', 'vegane Speisen']	4,5 	189
Goji	https://www.tripadvisor.de/Restaurant_Review-g187323-d11666270-Reviews-Goji-Berlin.html	Motzstrasse 58		10777 Berlin,	10€ - 19€	['chinesisch', 'asiatisch']	['für Vegetarier geeignet', 'vegane Speisen', 'glutenfreie Speisen']	4,5 	236
FACIL	https://www.tripadvisor.de/Restaurant_Review-g187323-d695657-Reviews-FACIL-Berlin.html	Potsdamer Straße 3	Im The Mandala Hotel	10785 Berlin,	23€ - 198€	['international', 'europäisch', 'mitteleuropäisch']	['glutenfreie Speisen']	4,5 	871
Lorenz Adlon Esszimmer	https://www.tripadvisor.de/Restaurant_Review-g187323-d715474-Reviews-Lorenz_Adlon_Esszimmer-Berlin.html	Unter den Linden 77	Hotel Adlon Kempinski	10117 Berlin,	120€ - 200€	['französisch', 'europäisch', 'mitteleuropäisch']	['für Vegetarier geeignet', 'vegane Speisen', 'glutenfreie Speisen']	4,5 	401
Hackethals	https://www.tripadvisor.de/Restaurant_Review-g187323-d944596-Reviews-Hackethals-Berlin.html	Pflugstrasse 11		10115 Berlin,	7€ - 20€	['deutsch', 'Bar', 'Pub', 'Gastropub']	['Abendessen', 'Getränke', 'Spätabends']	4,5 	1.329
Burger Turm	https://www.tripadvisor.de/Restaurant_Review-g187323-d13848266-Reviews-Burger_Turm-Berlin.html	Turmstraße 49		10551 Berlin,	8€ - 25€	['amerikanisch', 'Fast Food']	['für Vegetarier geeignet']	5,0 	450
Peperoncino	https://www.tripadvisor.de/Restaurant_Review-g187323-d1342567-Reviews-Ristorante_Peperoncino-Berlin.html	Urbanstr. 137		10967 Berlin,	4€ - 25€	['italienisch']	['für Vegetarier geeignet', 'vegane Speisen']	4,5 	652
Haveli	https://www.tripadvisor.de/Restaurant_Review-g187323-d1875899-Reviews-Haveli-Berlin.html	Regensburger Straße 7		10777 Berlin,	indisch, asiatisch	['für Vegetarier geeignet', 'vegane Speisen', 'glutenfreie Speisen']	['Mittagessen', 'Abendessen', 'Brunch', 'Spätabends']	4,5 	1.260
