Ristorante Pizzeria Sapori di Casa	https://www.tripadvisor.de/Restaurant_Review-g187323-d12475273-Reviews-Ristorante_Pizzeria_Sapori_di_Casa-Berlin.html	Wilsnacker Str. 61		10559 Berlin,	2€ - 20€	['italienisch', 'Pizza', 'Meeresfrüchte', 'Sizilianisch', 'Süditalienisch', 'mediterran', 'europäisch']	['für Vegetarier geeignet', 'vegane Speisen', 'glutenfreie Speisen']	5,0 	268
häppies	https://www.tripadvisor.de/Restaurant_Review-g187323-d8025081-Reviews-Happies-Berlin.html	Dunckerstraße 85		10437 Berlin,	4€ - 6€	['europäisch', 'Fusion']	['für Vegetarier geeignet', 'vegane Speisen']	5,0 	337
Restaurant Buschbeck's	https://www.tripadvisor.de/Restaurant_Review-g187323-d10700265-Reviews-Restaurant_Buschbeck_s-Berlin.html	Trendelenburgstr. 14		14057 Berlin,	4€ - 16€	['deutsch', 'mediterran', 'europäisch', 'mitteleuropäisch']	['für Vegetarier geeignet', 'vegane Speisen', 'glutenfreie Speisen']	5,0 	218
Minty's Fresh Food Bar	https://www.tripadvisor.de/Restaurant_Review-g187323-d19503350-Reviews-Minty_s_Fresh_Food_Bar-Berlin.html	Torstrasse 178	Ecke Kleine Hamburger Strasse	10115 Berlin,	7€ - 20€	['international', 'mediterran', 'europäisch']	['Frühstück', 'Mittagessen', 'Abendessen', 'Getränke']		
Ristorante A Mano	https://www.tripadvisor.de/Restaurant_Review-g187323-d3546513-Reviews-Ristorante_A_Mano-Berlin.html	Strausberger Platz 2		10243 Berlin,	20€ - 40€	['italienisch', 'mediterran', 'europäisch', 'Sizilianisch', 'Süditalienisch']	['für Vegetarier geeignet', 'vegane Speisen']	4,5 	2.345
