https://www.tripadvisor.de/Restaurant_Review-g187323-d12475273-Reviews-Ristorante_Pizzeria_Sapori_di_Casa-Berlin.html	danimataonrails	Dezember 2019	40	Buena pizza y excelente tiramisú
https://www.tripadvisor.de/Restaurant_Review-g187323-d12475273-Reviews-Ristorante_Pizzeria_Sapori_di_Casa-Berlin.html	nolanar	Dezember 2019	40	Puzzled by no1 on TA!
https://www.tripadvisor.de/Restaurant_Review-g187323-d12475273-Reviews-Ristorante_Pizzeria_Sapori_di_Casa-Berlin.html	Ldunbar2911	Dezember 2019	50	Lovely little Italian restaurant
https://www.tripadvisor.de/Restaurant_Review-g187323-d12475273-Reviews-Ristorante_Pizzeria_Sapori_di_Casa-Berlin.html	983lennartn	Dezember 2019	30	Ok men inte mer
https://www.tripadvisor.de/Restaurant_Review-g187323-d12475273-Reviews-Ristorante_Pizzeria_Sapori_di_Casa-Berlin.html	792ferdinandv	Dezember 2019	40	Sehr gutes Restaurant mit typisch italienischer Küche
https://www.tripadvisor.de/Restaurant_Review-g187323-d12475273-Reviews-Ristorante_Pizzeria_Sapori_di_Casa-Berlin.html	holgers638	Dezember 2019	50	Geburtstagsessen
https://www.tripadvisor.de/Restaurant_Review-g187323-d12475273-Reviews-Ristorante_Pizzeria_Sapori_di_Casa-Berlin.html	El L	Dezember 2019	50	Sehr lecker! Absolute Empfehlung!
https://www.tripadvisor.de/Restaurant_Review-g187323-d12475273-Reviews-Ristorante_Pizzeria_Sapori_di_Casa-Berlin.html	Lukas6094	Dezember 2019	50	Nettes und kleines Restaurant!
https://www.tripadvisor.de/Restaurant_Review-g187323-d12475273-Reviews-Ristorante_Pizzeria_Sapori_di_Casa-Berlin.html	schnee2018	November 2019	30	Aushaltbare Enttäuschung
https://www.tripadvisor.de/Restaurant_Review-g187323-d12475273-Reviews-Ristorante_Pizzeria_Sapori_di_Casa-Berlin.html	J3211OYchristianp	Dezember 2019	50	Total überrascht
https://www.tripadvisor.de/Restaurant_Review-g187323-d12475273-Reviews-Ristorante_Pizzeria_Sapori_di_Casa-Berlin.html	EddieJN8	November 2019	50	One of our Two Favorite Restaurants from 8-day Austria / Vienna Trip
https://www.tripadvisor.de/Restaurant_Review-g187323-d12475273-Reviews-Ristorante_Pizzeria_Sapori_di_Casa-Berlin.html	Adventure814586	Dezember 2019	50	Hyvä palvelu
https://www.tripadvisor.de/Restaurant_Review-g187323-d12475273-Reviews-Ristorante_Pizzeria_Sapori_di_Casa-Berlin.html	Lpschmidt	November 2019	40	Lunch
https://www.tripadvisor.de/Restaurant_Review-g187323-d12475273-Reviews-Ristorante_Pizzeria_Sapori_di_Casa-Berlin.html	patpat9111	November 2019	50	Great food, super staff
https://www.tripadvisor.de/Restaurant_Review-g187323-d12475273-Reviews-Ristorante_Pizzeria_Sapori_di_Casa-Berlin.html	angelobF8196QY	November 2019	50	Angelo da Catania
https://www.tripadvisor.de/Restaurant_Review-g187323-d12475273-Reviews-Ristorante_Pizzeria_Sapori_di_Casa-Berlin.html	KlausElke2808	November 2019	50	Wunderbarer Abend
https://www.tripadvisor.de/Restaurant_Review-g187323-d12475273-Reviews-Ristorante_Pizzeria_Sapori_di_Casa-Berlin.html	Fabricz92210	November 2019	50	Excellent rapport qualité prix
https://www.tripadvisor.de/Restaurant_Review-g187323-d12475273-Reviews-Ristorante_Pizzeria_Sapori_di_Casa-Berlin.html	Quintilianus83	November 2019	50	Ottima cena e ambiente meraviglioso
https://www.tripadvisor.de/Restaurant_Review-g187323-d12475273-Reviews-Ristorante_Pizzeria_Sapori_di_Casa-Berlin.html	Friedrich_io	November 2019	50	Good place
https://www.tripadvisor.de/Restaurant_Review-g187323-d12475273-Reviews-Ristorante_Pizzeria_Sapori_di_Casa-Berlin.html	559svenr	November 2019	50	Super Italiener mit herzlicher Atmosphäre
https://www.tripadvisor.de/Restaurant_Review-g187323-d12475273-Reviews-Ristorante_Pizzeria_Sapori_di_Casa-Berlin.html	Teiturhs	November 2019	50	Authentic and warm
https://www.tripadvisor.de/Restaurant_Review-g187323-d12475273-Reviews-Ristorante_Pizzeria_Sapori_di_Casa-Berlin.html	snaia2019	November 2019	50	Finalmente un po' di vero mangiare!!
https://www.tripadvisor.de/Restaurant_Review-g187323-d12475273-Reviews-Ristorante_Pizzeria_Sapori_di_Casa-Berlin.html	toeffner	November 2019	50	Super mad og service
https://www.tripadvisor.de/Restaurant_Review-g187323-d12475273-Reviews-Ristorante_Pizzeria_Sapori_di_Casa-Berlin.html	Y4138DN_	November 2019	50	מסעדה מתויינת
https://www.tripadvisor.de/Restaurant_Review-g187323-d12475273-Reviews-Ristorante_Pizzeria_Sapori_di_Casa-Berlin.html	magdalenao664	November 2019	50	Najpyszniejsza pizza jaka jadłam!
https://www.tripadvisor.de/Restaurant_Review-g187323-d12475273-Reviews-Ristorante_Pizzeria_Sapori_di_Casa-Berlin.html	Naschni	November 2019	50	Immer wieder gerne
https://www.tripadvisor.de/Restaurant_Review-g187323-d12475273-Reviews-Ristorante_Pizzeria_Sapori_di_Casa-Berlin.html	eclectic_ccl	November 2019	50	Stop looking - this is the Ristorante you were looking for!
https://www.tripadvisor.de/Restaurant_Review-g187323-d12475273-Reviews-Ristorante_Pizzeria_Sapori_di_Casa-Berlin.html	P4640YKjensm	November 2019	50	Einfach mal hingehen und selbst überzeugen
https://www.tripadvisor.de/Restaurant_Review-g187323-d12475273-Reviews-Ristorante_Pizzeria_Sapori_di_Casa-Berlin.html	alainfilippi	November 2019	50	Repas du soir pour 14 adultes chez Mario et son équipe
https://www.tripadvisor.de/Restaurant_Review-g187323-d12475273-Reviews-Ristorante_Pizzeria_Sapori_di_Casa-Berlin.html	Carolinebld71	November 2019	50	Bravo !
https://www.tripadvisor.de/Restaurant_Review-g187323-d12475273-Reviews-Ristorante_Pizzeria_Sapori_di_Casa-Berlin.html	h0utmeyersd	November 2019	40	Lekkere Italiaanse gerechten
https://www.tripadvisor.de/Restaurant_Review-g187323-d12475273-Reviews-Ristorante_Pizzeria_Sapori_di_Casa-Berlin.html	MissFam	August 2019	50	Best italian restaurant in town
https://www.tripadvisor.de/Restaurant_Review-g187323-d12475273-Reviews-Ristorante_Pizzeria_Sapori_di_Casa-Berlin.html	C7801KSdavids	November 2019	50	It’s No.1 for a reason
https://www.tripadvisor.de/Restaurant_Review-g187323-d12475273-Reviews-Ristorante_Pizzeria_Sapori_di_Casa-Berlin.html	Susan7	Oktober 2019	50	Handled Large Group Well
https://www.tripadvisor.de/Restaurant_Review-g187323-d12475273-Reviews-Ristorante_Pizzeria_Sapori_di_Casa-Berlin.html	shadandsandrar	Oktober 2019	50	Excellent Restaurant
https://www.tripadvisor.de/Restaurant_Review-g187323-d12475273-Reviews-Ristorante_Pizzeria_Sapori_di_Casa-Berlin.html	Reinier L	Oktober 2019	50	Perfect
https://www.tripadvisor.de/Restaurant_Review-g187323-d12475273-Reviews-Ristorante_Pizzeria_Sapori_di_Casa-Berlin.html	stonle	Oktober 2019	50	.... Super lecker!
https://www.tripadvisor.de/Restaurant_Review-g187323-d12475273-Reviews-Ristorante_Pizzeria_Sapori_di_Casa-Berlin.html	BERND K	Oktober 2019	50	Belissima - zu 100% echt Italienisch
https://www.tripadvisor.de/Restaurant_Review-g187323-d12475273-Reviews-Ristorante_Pizzeria_Sapori_di_Casa-Berlin.html	CamiMiche	Oktober 2019	50	Ottimo ristorante italiano, davvero
https://www.tripadvisor.de/Restaurant_Review-g187323-d12475273-Reviews-Ristorante_Pizzeria_Sapori_di_Casa-Berlin.html	Irikiri	August 2019	50	Echt Italienisch
https://www.tripadvisor.de/Restaurant_Review-g187323-d12475273-Reviews-Ristorante_Pizzeria_Sapori_di_Casa-Berlin.html	313ramyw	Oktober 2019	50	#1 in Berlin for reason
https://www.tripadvisor.de/Restaurant_Review-g187323-d12475273-Reviews-Ristorante_Pizzeria_Sapori_di_Casa-Berlin.html	MilaTrubnikova	Oktober 2019	50	Ing.Ludmila Trubnikova
https://www.tripadvisor.de/Restaurant_Review-g187323-d12475273-Reviews-Ristorante_Pizzeria_Sapori_di_Casa-Berlin.html	Dutz28	Oktober 2019	50	Hyggelig og meget familievenlig
https://www.tripadvisor.de/Restaurant_Review-g187323-d12475273-Reviews-Ristorante_Pizzeria_Sapori_di_Casa-Berlin.html	gusg986	Oktober 2019	50	Excellent Meal and a Fun Evening!
https://www.tripadvisor.de/Restaurant_Review-g187323-d12475273-Reviews-Ristorante_Pizzeria_Sapori_di_Casa-Berlin.html	Renate B	September 2019	50	Wish I could go back,
https://www.tripadvisor.de/Restaurant_Review-g187323-d12475273-Reviews-Ristorante_Pizzeria_Sapori_di_Casa-Berlin.html	inewa0204	Oktober 2019	50	Fantastisk!
https://www.tripadvisor.de/Restaurant_Review-g187323-d12475273-Reviews-Ristorante_Pizzeria_Sapori_di_Casa-Berlin.html	MuffinDD	Oktober 2019	40	Italia a Berlino
https://www.tripadvisor.de/Restaurant_Review-g187323-d12475273-Reviews-Ristorante_Pizzeria_Sapori_di_Casa-Berlin.html	Wilde V	Oktober 2019	50	Fantastic!
https://www.tripadvisor.de/Restaurant_Review-g187323-d12475273-Reviews-Ristorante_Pizzeria_Sapori_di_Casa-Berlin.html	ercanc2019	Oktober 2019	50	Tolles Restaurant
https://www.tripadvisor.de/Restaurant_Review-g187323-d12475273-Reviews-Ristorante_Pizzeria_Sapori_di_Casa-Berlin.html	AstorGrumann	Oktober 2019	50	Escondido
https://www.tripadvisor.de/Restaurant_Review-g187323-d12475273-Reviews-Ristorante_Pizzeria_Sapori_di_Casa-Berlin.html	joker1936	Oktober 2019	50	Cucina italiana
https://www.tripadvisor.de/Restaurant_Review-g187323-d12475273-Reviews-Ristorante_Pizzeria_Sapori_di_Casa-Berlin.html	micene22	September 2019	50	Penne all'arrabbiata TOP.
https://www.tripadvisor.de/Restaurant_Review-g187323-d12475273-Reviews-Ristorante_Pizzeria_Sapori_di_Casa-Berlin.html	lohmanna	Oktober 2019	50	Sehr aufmerksam, freundlich und sehr lecker.
https://www.tripadvisor.de/Restaurant_Review-g187323-d12475273-Reviews-Ristorante_Pizzeria_Sapori_di_Casa-Berlin.html	sebastianc843	September 2019	50	Prawdziwe włoskie klimaty. Wspaniałe jedzenie!
https://www.tripadvisor.de/Restaurant_Review-g187323-d12475273-Reviews-Ristorante_Pizzeria_Sapori_di_Casa-Berlin.html	joergk360	Oktober 2019	50	Toller Tip
https://www.tripadvisor.de/Restaurant_Review-g187323-d12475273-Reviews-Ristorante_Pizzeria_Sapori_di_Casa-Berlin.html	Tormodsvo	Oktober 2019	50	Dinner
https://www.tripadvisor.de/Restaurant_Review-g187323-d12475273-Reviews-Ristorante_Pizzeria_Sapori_di_Casa-Berlin.html	sapere_aude76	September 2019	40	Da provare.
https://www.tripadvisor.de/Restaurant_Review-g187323-d12475273-Reviews-Ristorante_Pizzeria_Sapori_di_Casa-Berlin.html	DannyB19855	Oktober 2019	50	Very impressed
https://www.tripadvisor.de/Restaurant_Review-g187323-d12475273-Reviews-Ristorante_Pizzeria_Sapori_di_Casa-Berlin.html	MatthiasA398	Oktober 2019	50	Zalig!
https://www.tripadvisor.de/Restaurant_Review-g187323-d12475273-Reviews-Ristorante_Pizzeria_Sapori_di_Casa-Berlin.html	Slogan1974	Oktober 2019	10	Food ok, service awful
https://www.tripadvisor.de/Restaurant_Review-g187323-d12475273-Reviews-Ristorante_Pizzeria_Sapori_di_Casa-Berlin.html	stevetravelsandeats	September 2019	50	Great food and great staff
https://www.tripadvisor.de/Restaurant_Review-g187323-d12475273-Reviews-Ristorante_Pizzeria_Sapori_di_Casa-Berlin.html	986gerhardl	September 2019	50	Erstbesuch und Top
https://www.tripadvisor.de/Restaurant_Review-g187323-d12475273-Reviews-Ristorante_Pizzeria_Sapori_di_Casa-Berlin.html	DavidE5083	September 2019	50	Kleines sehr gutes Restaurant
https://www.tripadvisor.de/Restaurant_Review-g187323-d12475273-Reviews-Ristorante_Pizzeria_Sapori_di_Casa-Berlin.html	Cécile S	September 2019	50	Top !
https://www.tripadvisor.de/Restaurant_Review-g187323-d12475273-Reviews-Ristorante_Pizzeria_Sapori_di_Casa-Berlin.html	Clemens F	September 2019	50	Lieblingsrestaurant
https://www.tripadvisor.de/Restaurant_Review-g187323-d12475273-Reviews-Ristorante_Pizzeria_Sapori_di_Casa-Berlin.html	devilwearsPradaMilan	September 2019	50	Oasi italiana nel cuore della Germania
https://www.tripadvisor.de/Restaurant_Review-g187323-d12475273-Reviews-Ristorante_Pizzeria_Sapori_di_Casa-Berlin.html	Richard B	September 2019	50	Great food! Warm and inviting.
https://www.tripadvisor.de/Restaurant_Review-g187323-d12475273-Reviews-Ristorante_Pizzeria_Sapori_di_Casa-Berlin.html	ANDREWLEVEY1988	September 2019	50	If I could give the place 6 stars, I would!
https://www.tripadvisor.de/Restaurant_Review-g187323-d12475273-Reviews-Ristorante_Pizzeria_Sapori_di_Casa-Berlin.html	869stephk	September 2019	50	Gorgeous
https://www.tripadvisor.de/Restaurant_Review-g187323-d12475273-Reviews-Ristorante_Pizzeria_Sapori_di_Casa-Berlin.html	joemJ4987MB	September 2019	50	Great food
https://www.tripadvisor.de/Restaurant_Review-g187323-d10700265-Reviews-Restaurant_Buschbeck_s-Berlin.html	tanjabK7078FP			
https://www.tripadvisor.de/Restaurant_Review-g187323-d12475273-Reviews-Ristorante_Pizzeria_Sapori_di_Casa-Berlin.html	1812pep	September 2019	50	Essen wie in Italien
https://www.tripadvisor.de/Restaurant_Review-g187323-d12475273-Reviews-Ristorante_Pizzeria_Sapori_di_Casa-Berlin.html	JoergS93	September 2019	50	Sehr lecker und toller Service
https://www.tripadvisor.de/Restaurant_Review-g187323-d12475273-Reviews-Ristorante_Pizzeria_Sapori_di_Casa-Berlin.html	0803franzit	September 2019	50	Sehr lecker und super Service
https://www.tripadvisor.de/Restaurant_Review-g187323-d12475273-Reviews-Ristorante_Pizzeria_Sapori_di_Casa-Berlin.html	Jean L	September 2019	50	Freundlich gut und angenehm
https://www.tripadvisor.de/Restaurant_Review-g187323-d12475273-Reviews-Ristorante_Pizzeria_Sapori_di_Casa-Berlin.html	pernilled2014	September 2019	50	Good Italian food
https://www.tripadvisor.de/Restaurant_Review-g187323-d12475273-Reviews-Ristorante_Pizzeria_Sapori_di_Casa-Berlin.html	Torsten1970	September 2019	50	Schon lange nicht mehr so gut gegessen
https://www.tripadvisor.de/Restaurant_Review-g187323-d12475273-Reviews-Ristorante_Pizzeria_Sapori_di_Casa-Berlin.html	668raffaeles	August 2019	40	Un po’ di sano cibo italiano
https://www.tripadvisor.de/Restaurant_Review-g187323-d12475273-Reviews-Ristorante_Pizzeria_Sapori_di_Casa-Berlin.html	Fabioelen	August 2019	50	Meglio delle aspettative
https://www.tripadvisor.de/Restaurant_Review-g187323-d12475273-Reviews-Ristorante_Pizzeria_Sapori_di_Casa-Berlin.html	alessandrogo333	August 2019	40	Mi aspettavo meglio, personale gentilissimo
https://www.tripadvisor.de/Restaurant_Review-g187323-d12475273-Reviews-Ristorante_Pizzeria_Sapori_di_Casa-Berlin.html	286esthervd	August 2019	50	Truffle pasta ♡
https://www.tripadvisor.de/Restaurant_Review-g187323-d12475273-Reviews-Ristorante_Pizzeria_Sapori_di_Casa-Berlin.html	johannah543	August 2019	50	Toller Service
https://www.tripadvisor.de/Restaurant_Review-g187323-d12475273-Reviews-Ristorante_Pizzeria_Sapori_di_Casa-Berlin.html	menni01	August 2019	40	Oasi alimentare a Berlino
https://www.tripadvisor.de/Restaurant_Review-g187323-d12475273-Reviews-Ristorante_Pizzeria_Sapori_di_Casa-Berlin.html	Volkan030	August 2019	50	Wer Echte, authentische italienische Küche liebt, ist hier genau richtig!!!
https://www.tripadvisor.de/Restaurant_Review-g187323-d12475273-Reviews-Ristorante_Pizzeria_Sapori_di_Casa-Berlin.html	lansil63	August 2019	50	il cibo italiano ha sempre una marcia in piu'
https://www.tripadvisor.de/Restaurant_Review-g187323-d12475273-Reviews-Ristorante_Pizzeria_Sapori_di_Casa-Berlin.html	heiandgeb	August 2019	50	Super leckeres Essen
https://www.tripadvisor.de/Restaurant_Review-g187323-d12475273-Reviews-Ristorante_Pizzeria_Sapori_di_Casa-Berlin.html	Barbara B	August 2019	50	Fantastico!
https://www.tripadvisor.de/Restaurant_Review-g187323-d12475273-Reviews-Ristorante_Pizzeria_Sapori_di_Casa-Berlin.html	Audreyanna_13	August 2019	40	Phantastico
https://www.tripadvisor.de/Restaurant_Review-g187323-d12475273-Reviews-Ristorante_Pizzeria_Sapori_di_Casa-Berlin.html	alessandrorN9092UG	August 2019	50	Cena italiana a Berlino
https://www.tripadvisor.de/Restaurant_Review-g187323-d12475273-Reviews-Ristorante_Pizzeria_Sapori_di_Casa-Berlin.html	357ettoreg	August 2019	30	La Sicilia a Berlino
https://www.tripadvisor.de/Restaurant_Review-g187323-d12475273-Reviews-Ristorante_Pizzeria_Sapori_di_Casa-Berlin.html	stefan b	August 2019	50	I liked this place
https://www.tripadvisor.de/Restaurant_Review-g187323-d8025081-Reviews-Happies-Berlin.html				
https://www.tripadvisor.de/Restaurant_Review-g187323-d12475273-Reviews-Ristorante_Pizzeria_Sapori_di_Casa-Berlin.html	dona_corbi	August 2019	50	W l’Italia!
https://www.tripadvisor.de/Restaurant_Review-g187323-d12475273-Reviews-Ristorante_Pizzeria_Sapori_di_Casa-Berlin.html	mmatsimani	August 2019	50	A must Italian restaurant!
https://www.tripadvisor.de/Restaurant_Review-g187323-d12475273-Reviews-Ristorante_Pizzeria_Sapori_di_Casa-Berlin.html	RobertB3514	August 2019	50	Kolejna bardzo udana wizyta.
https://www.tripadvisor.de/Restaurant_Review-g187323-d12475273-Reviews-Ristorante_Pizzeria_Sapori_di_Casa-Berlin.html	emmab97xx	August 2019	50	Perfect Italian meal!
https://www.tripadvisor.de/Restaurant_Review-g187323-d12475273-Reviews-Ristorante_Pizzeria_Sapori_di_Casa-Berlin.html	gagna73	August 2019	50	Una fetta di italia
https://www.tripadvisor.de/Restaurant_Review-g187323-d12475273-Reviews-Ristorante_Pizzeria_Sapori_di_Casa-Berlin.html	Robert B	Juli 2019	50	Tutto buonissiomo
https://www.tripadvisor.de/Restaurant_Review-g187323-d12475273-Reviews-Ristorante_Pizzeria_Sapori_di_Casa-Berlin.html	francy1970	August 2019	50	Ottima cena italiana
https://www.tripadvisor.de/Restaurant_Review-g187323-d12475273-Reviews-Ristorante_Pizzeria_Sapori_di_Casa-Berlin.html	Manuela W	August 2019	50	Besser geht es nicht!
https://www.tripadvisor.de/Restaurant_Review-g187323-d12475273-Reviews-Ristorante_Pizzeria_Sapori_di_Casa-Berlin.html	Aurélien T	August 2019	50	Exceptionnel
https://www.tripadvisor.de/Restaurant_Review-g187323-d12475273-Reviews-Ristorante_Pizzeria_Sapori_di_Casa-Berlin.html	bennybt_99_	August 2019	40	Nice place, good food
https://www.tripadvisor.de/Restaurant_Review-g187323-d12475273-Reviews-Ristorante_Pizzeria_Sapori_di_Casa-Berlin.html	la_primavere	August 2019	50	Výborná obsluha a vynikajúce jedlo
https://www.tripadvisor.de/Restaurant_Review-g187323-d12475273-Reviews-Ristorante_Pizzeria_Sapori_di_Casa-Berlin.html	AlbertoDellOrto	August 2019	50	Come sentirsi a casa
https://www.tripadvisor.de/Restaurant_Review-g187323-d12475273-Reviews-Ristorante_Pizzeria_Sapori_di_Casa-Berlin.html	lorenzop376	August 2019	50	buona la pizza
https://www.tripadvisor.de/Restaurant_Review-g187323-d12475273-Reviews-Ristorante_Pizzeria_Sapori_di_Casa-Berlin.html	GeertAt	August 2019	50	Sure winner
https://www.tripadvisor.de/Restaurant_Review-g187323-d12475273-Reviews-Ristorante_Pizzeria_Sapori_di_Casa-Berlin.html	nicolog715	August 2019	50	Cena
https://www.tripadvisor.de/Restaurant_Review-g187323-d12475273-Reviews-Ristorante_Pizzeria_Sapori_di_Casa-Berlin.html	Gnippi	August 2019	40	Ultima cena a Berlino
https://www.tripadvisor.de/Restaurant_Review-g187323-d12475273-Reviews-Ristorante_Pizzeria_Sapori_di_Casa-Berlin.html	Mirzaa88NL	August 2019	50	Heerlijke truffelpasta en lasagne
https://www.tripadvisor.de/Restaurant_Review-g187323-d12475273-Reviews-Ristorante_Pizzeria_Sapori_di_Casa-Berlin.html	jordiq245	August 2019	50	Abendessen Berlin
https://www.tripadvisor.de/Restaurant_Review-g187323-d12475273-Reviews-Ristorante_Pizzeria_Sapori_di_Casa-Berlin.html	Trek757635	August 2019	50	Essen mit Freunden
https://www.tripadvisor.de/Restaurant_Review-g187323-d12475273-Reviews-Ristorante_Pizzeria_Sapori_di_Casa-Berlin.html	86adcc86	August 2019	50	Super!
https://www.tripadvisor.de/Restaurant_Review-g187323-d12475273-Reviews-Ristorante_Pizzeria_Sapori_di_Casa-Berlin.html	Z6798QZdavidl	August 2019	50	100% ITALIAN
https://www.tripadvisor.de/Restaurant_Review-g187323-d12475273-Reviews-Ristorante_Pizzeria_Sapori_di_Casa-Berlin.html	Q9493SIstefanoc	August 2019	50	Cena tra amici
https://www.tripadvisor.de/Restaurant_Review-g187323-d12475273-Reviews-Ristorante_Pizzeria_Sapori_di_Casa-Berlin.html	Felice M	Juli 2019	50	Opinione
https://www.tripadvisor.de/Restaurant_Review-g187323-d12475273-Reviews-Ristorante_Pizzeria_Sapori_di_Casa-Berlin.html	Claus H	Juli 2019	50	God mad og venlig betjening
https://www.tripadvisor.de/Restaurant_Review-g187323-d12475273-Reviews-Ristorante_Pizzeria_Sapori_di_Casa-Berlin.html	eskalinus	Mai 2019	50	Lieblingsitaliener
https://www.tripadvisor.de/Restaurant_Review-g187323-d12475273-Reviews-Ristorante_Pizzeria_Sapori_di_Casa-Berlin.html	Dream21158030088	Juli 2019	50	Uno scorcio d’Italia
https://www.tripadvisor.de/Restaurant_Review-g187323-d12475273-Reviews-Ristorante_Pizzeria_Sapori_di_Casa-Berlin.html	275ron	Juli 2019	10	Dicht op maandag
https://www.tripadvisor.de/Restaurant_Review-g187323-d12475273-Reviews-Ristorante_Pizzeria_Sapori_di_Casa-Berlin.html	ChFoe	Juni 2019	50	Kleinitalien in Moabit
https://www.tripadvisor.de/Restaurant_Review-g187323-d12475273-Reviews-Ristorante_Pizzeria_Sapori_di_Casa-Berlin.html	Paolo G	Juni 2019	50	Ottimo locale italiano, ottime persone italiane!
https://www.tripadvisor.de/Restaurant_Review-g187323-d12475273-Reviews-Ristorante_Pizzeria_Sapori_di_Casa-Berlin.html	theresa_H_3588	Juni 2019	50	Mega zu Empfehlen
https://www.tripadvisor.de/Restaurant_Review-g187323-d12475273-Reviews-Ristorante_Pizzeria_Sapori_di_Casa-Berlin.html	jdh44laca	Juni 2019	50	Could actually be the best Italian restaurant in Berlin
https://www.tripadvisor.de/Restaurant_Review-g187323-d12475273-Reviews-Ristorante_Pizzeria_Sapori_di_Casa-Berlin.html	595guilhermec	Juni 2019	40	Excelente italiano em Berlim
https://www.tripadvisor.de/Restaurant_Review-g187323-d12475273-Reviews-Ristorante_Pizzeria_Sapori_di_Casa-Berlin.html	feuerwehrmann2016	Juni 2019	40	Auf der Suche nach
https://www.tripadvisor.de/Restaurant_Review-g187323-d12475273-Reviews-Ristorante_Pizzeria_Sapori_di_Casa-Berlin.html	aduanero91	Juni 2019	50	Gemütlicher Sommerabend
https://www.tripadvisor.de/Restaurant_Review-g187323-d12475273-Reviews-Ristorante_Pizzeria_Sapori_di_Casa-Berlin.html	475antoninoc	Juni 2019	50	Vacanza a Berlino
https://www.tripadvisor.de/Restaurant_Review-g187323-d12475273-Reviews-Ristorante_Pizzeria_Sapori_di_Casa-Berlin.html	matteograzi	Juni 2019	50	Sembra di essere a casa
https://www.tripadvisor.de/Restaurant_Review-g187323-d12475273-Reviews-Ristorante_Pizzeria_Sapori_di_Casa-Berlin.html	Uzher	Juni 2019	50	Spettacolare
https://www.tripadvisor.de/Restaurant_Review-g187323-d12475273-Reviews-Ristorante_Pizzeria_Sapori_di_Casa-Berlin.html	rossobrace	Juni 2019	50	"""Come a casa"""
https://www.tripadvisor.de/Restaurant_Review-g187323-d12475273-Reviews-Ristorante_Pizzeria_Sapori_di_Casa-Berlin.html	Thomas K	Juni 2019	50	Du kommst als Gast und gehst als Freund
https://www.tripadvisor.de/Restaurant_Review-g187323-d12475273-Reviews-Ristorante_Pizzeria_Sapori_di_Casa-Berlin.html	twomore	Juni 2019	50	Gewoon super!
https://www.tripadvisor.de/Restaurant_Review-g187323-d12475273-Reviews-Ristorante_Pizzeria_Sapori_di_Casa-Berlin.html	55stanislavn	Juni 2019	50	Best Italian restaurant I have been to.
https://www.tripadvisor.de/Restaurant_Review-g187323-d12475273-Reviews-Ristorante_Pizzeria_Sapori_di_Casa-Berlin.html	Tonino L	Juni 2019	50	Cena a Berlino
https://www.tripadvisor.de/Restaurant_Review-g187323-d12475273-Reviews-Ristorante_Pizzeria_Sapori_di_Casa-Berlin.html	VIPAVELa	Juni 2019	50	Great italian place!
https://www.tripadvisor.de/Restaurant_Review-g187323-d12475273-Reviews-Ristorante_Pizzeria_Sapori_di_Casa-Berlin.html	moustik7667	Mai 2019	50	très belle adresse
https://www.tripadvisor.de/Restaurant_Review-g187323-d12475273-Reviews-Ristorante_Pizzeria_Sapori_di_Casa-Berlin.html	susi492	Mai 2019	50	Excellenter Italuener
https://www.tripadvisor.de/Restaurant_Review-g187323-d12475273-Reviews-Ristorante_Pizzeria_Sapori_di_Casa-Berlin.html	Tennisbaerchen	März 2019	50	Alles Top! Sehr authentisch
https://www.tripadvisor.de/Restaurant_Review-g187323-d12475273-Reviews-Ristorante_Pizzeria_Sapori_di_Casa-Berlin.html	Paolo B	Mai 2019	50	Italiani alla conquista di Berlino
https://www.tripadvisor.de/Restaurant_Review-g187323-d12475273-Reviews-Ristorante_Pizzeria_Sapori_di_Casa-Berlin.html	Kate W	Mai 2019	50	Highly recommend
https://www.tripadvisor.de/Restaurant_Review-g187323-d12475273-Reviews-Ristorante_Pizzeria_Sapori_di_Casa-Berlin.html	DJBlankie	Mai 2019	30	lekker eten, maar kregen verkeerd menu opgediend
https://www.tripadvisor.de/Restaurant_Review-g187323-d12475273-Reviews-Ristorante_Pizzeria_Sapori_di_Casa-Berlin.html	Fabio B	Mai 2019	50	Un angolo di Italia...VERO...a Berlino
https://www.tripadvisor.de/Restaurant_Review-g187323-d12475273-Reviews-Ristorante_Pizzeria_Sapori_di_Casa-Berlin.html	vera9542019	Mai 2019	50	Herzlich & lecker
https://www.tripadvisor.de/Restaurant_Review-g187323-d12475273-Reviews-Ristorante_Pizzeria_Sapori_di_Casa-Berlin.html	Becky57	Mai 2019	50	Damp, cold evening, great food!
https://www.tripadvisor.de/Restaurant_Review-g187323-d12475273-Reviews-Ristorante_Pizzeria_Sapori_di_Casa-Berlin.html	grohleprovencal	Mai 2019	50	Pasta für besondere Ansprüche
https://www.tripadvisor.de/Restaurant_Review-g187323-d12475273-Reviews-Ristorante_Pizzeria_Sapori_di_Casa-Berlin.html	clifton624	Mai 2019	40	Extremely enjoyable family restaurant
https://www.tripadvisor.de/Restaurant_Review-g187323-d12475273-Reviews-Ristorante_Pizzeria_Sapori_di_Casa-Berlin.html	Peps78	Mai 2019	50	Excellente adresse et accueil italien parfait
https://www.tripadvisor.de/Restaurant_Review-g187323-d12475273-Reviews-Ristorante_Pizzeria_Sapori_di_Casa-Berlin.html	Frank M	Mai 2019	50	Wie immer hervorragend
https://www.tripadvisor.de/Restaurant_Review-g187323-d12475273-Reviews-Ristorante_Pizzeria_Sapori_di_Casa-Berlin.html	Katja S	Mai 2019	50	Unser neues Lieblingsrestaurant in Berlin
https://www.tripadvisor.de/Restaurant_Review-g187323-d12475273-Reviews-Ristorante_Pizzeria_Sapori_di_Casa-Berlin.html	finesilver	Mai 2019	50	Great meal. Worth seeking out
https://www.tripadvisor.de/Restaurant_Review-g187323-d12475273-Reviews-Ristorante_Pizzeria_Sapori_di_Casa-Berlin.html	wolfgangsG451PV	Mai 2019	50	Super Fischsuppe
https://www.tripadvisor.de/Restaurant_Review-g187323-d12475273-Reviews-Ristorante_Pizzeria_Sapori_di_Casa-Berlin.html	346mannes	Mai 2019	50	Super Restaurant - Klare Empfehlung
https://www.tripadvisor.de/Restaurant_Review-g187323-d12475273-Reviews-Ristorante_Pizzeria_Sapori_di_Casa-Berlin.html	paulD255DO	April 2019	50	Unmissable
https://www.tripadvisor.de/Restaurant_Review-g187323-d12475273-Reviews-Ristorante_Pizzeria_Sapori_di_Casa-Berlin.html	MarziaSgobazzi	April 2019	30	Voglia di pasta
https://www.tripadvisor.de/Restaurant_Review-g187323-d12475273-Reviews-Ristorante_Pizzeria_Sapori_di_Casa-Berlin.html	kenavo_dee	April 2019	50	Fabulous Italian
https://www.tripadvisor.de/Restaurant_Review-g187323-d12475273-Reviews-Ristorante_Pizzeria_Sapori_di_Casa-Berlin.html	_S1278FY	März 2019	30	אכזבה
https://www.tripadvisor.de/Restaurant_Review-g187323-d12475273-Reviews-Ristorante_Pizzeria_Sapori_di_Casa-Berlin.html	Radzko	April 2019	50	Fenomenalne miejsce
https://www.tripadvisor.de/Restaurant_Review-g187323-d12475273-Reviews-Ristorante_Pizzeria_Sapori_di_Casa-Berlin.html	theverycoach	April 2019	50	Ottima scoperta
https://www.tripadvisor.de/Restaurant_Review-g187323-d12475273-Reviews-Ristorante_Pizzeria_Sapori_di_Casa-Berlin.html	DistHoriz	April 2019	50	Make sure you eat here!
https://www.tripadvisor.de/Restaurant_Review-g187323-d12475273-Reviews-Ristorante_Pizzeria_Sapori_di_Casa-Berlin.html	Michaela F	April 2019	40	Tolles Restaurant!
https://www.tripadvisor.de/Restaurant_Review-g187323-d12475273-Reviews-Ristorante_Pizzeria_Sapori_di_Casa-Berlin.html	465mattiat	April 2019	50	Sentirsi come a casa
https://www.tripadvisor.de/Restaurant_Review-g187323-d12475273-Reviews-Ristorante_Pizzeria_Sapori_di_Casa-Berlin.html	RandyT14	April 2019	50	A little Piece of Italy
https://www.tripadvisor.de/Restaurant_Review-g187323-d10700265-Reviews-Restaurant_Buschbeck_s-Berlin.html				
https://www.tripadvisor.de/Restaurant_Review-g187323-d12475273-Reviews-Ristorante_Pizzeria_Sapori_di_Casa-Berlin.html	fabiokr90	Februar 2019	50	ECCELLENTE!!!
https://www.tripadvisor.de/Restaurant_Review-g187323-d12475273-Reviews-Ristorante_Pizzeria_Sapori_di_Casa-Berlin.html	insaeng	April 2019	50	Would go back again (and again!)
https://www.tripadvisor.de/Restaurant_Review-g187323-d12475273-Reviews-Ristorante_Pizzeria_Sapori_di_Casa-Berlin.html	Ostseeman	April 2019	50	Sapori di Casa einfach klasse.....
https://www.tripadvisor.de/Restaurant_Review-g187323-d12475273-Reviews-Ristorante_Pizzeria_Sapori_di_Casa-Berlin.html	seb6072	April 2019	50	Great chill place to eat if you want a quiet night out
https://www.tripadvisor.de/Restaurant_Review-g187323-d12475273-Reviews-Ristorante_Pizzeria_Sapori_di_Casa-Berlin.html	Lynnienkuns	April 2019	40	Good Italian restaurant
https://www.tripadvisor.de/Restaurant_Review-g187323-d12475273-Reviews-Ristorante_Pizzeria_Sapori_di_Casa-Berlin.html	HaroldS1972	April 2019	50	Sapori di Casa is in alle opzichten top
https://www.tripadvisor.de/Restaurant_Review-g187323-d12475273-Reviews-Ristorante_Pizzeria_Sapori_di_Casa-Berlin.html	Esugeeen	März 2019	50	Super familiengeführter Italiener
https://www.tripadvisor.de/Restaurant_Review-g187323-d12475273-Reviews-Ristorante_Pizzeria_Sapori_di_Casa-Berlin.html	FleeingDutchman	März 2019	40	Good food but relatively expensive
https://www.tripadvisor.de/Restaurant_Review-g187323-d12475273-Reviews-Ristorante_Pizzeria_Sapori_di_Casa-Berlin.html	joma091290	April 2019	50	Toller Service!
https://www.tripadvisor.de/Restaurant_Review-g187323-d12475273-Reviews-Ristorante_Pizzeria_Sapori_di_Casa-Berlin.html	Jp1234565	April 2019	50	Netter Abend
https://www.tripadvisor.de/Restaurant_Review-g187323-d12475273-Reviews-Ristorante_Pizzeria_Sapori_di_Casa-Berlin.html	AlexS1974	März 2019	50	Geheimtipp
https://www.tripadvisor.de/Restaurant_Review-g187323-d12475273-Reviews-Ristorante_Pizzeria_Sapori_di_Casa-Berlin.html	KarenT641	März 2019	50	Berlin's hidden gem
https://www.tripadvisor.de/Restaurant_Review-g187323-d12475273-Reviews-Ristorante_Pizzeria_Sapori_di_Casa-Berlin.html	valeriov854	März 2019	50	Un nome una garanzia!
https://www.tripadvisor.de/Restaurant_Review-g187323-d12475273-Reviews-Ristorante_Pizzeria_Sapori_di_Casa-Berlin.html	worldout	März 2019	50	Che dire... ottimo ristorante
https://www.tripadvisor.de/Restaurant_Review-g187323-d12475273-Reviews-Ristorante_Pizzeria_Sapori_di_Casa-Berlin.html	Isa1811670	Februar 2019	50	Delicious Sicilian food and wine in Mitte
https://www.tripadvisor.de/Restaurant_Review-g187323-d12475273-Reviews-Ristorante_Pizzeria_Sapori_di_Casa-Berlin.html	paxtibimarce	März 2019	50	Vero ristorante italiano.
https://www.tripadvisor.de/Restaurant_Review-g187323-d12475273-Reviews-Ristorante_Pizzeria_Sapori_di_Casa-Berlin.html	108larsl	März 2019	50	Lækre pizzaer og venligt personale
https://www.tripadvisor.de/Restaurant_Review-g187323-d12475273-Reviews-Ristorante_Pizzeria_Sapori_di_Casa-Berlin.html	526ingerj	März 2019	30	Middel
https://www.tripadvisor.de/Restaurant_Review-g187323-d12475273-Reviews-Ristorante_Pizzeria_Sapori_di_Casa-Berlin.html	Gengio	März 2019	50	Il top di Berlino
https://www.tripadvisor.de/Restaurant_Review-g187323-d12475273-Reviews-Ristorante_Pizzeria_Sapori_di_Casa-Berlin.html	dickerwirt	März 2019	50	Understatement und Marketing
https://www.tripadvisor.de/Restaurant_Review-g187323-d8025081-Reviews-Happies-Berlin.html				
https://www.tripadvisor.de/Restaurant_Review-g187323-d12475273-Reviews-Ristorante_Pizzeria_Sapori_di_Casa-Berlin.html	wilhema2015	März 2019	50	Die beste Pizza die ich je gegessen habe
https://www.tripadvisor.de/Restaurant_Review-g187323-d12475273-Reviews-Ristorante_Pizzeria_Sapori_di_Casa-Berlin.html	Caroline P	März 2019	50	Wonderful
https://www.tripadvisor.de/Restaurant_Review-g187323-d12475273-Reviews-Ristorante_Pizzeria_Sapori_di_Casa-Berlin.html	doc_heisenberg	Januar 2019	30	Kompletter Italiener mit nettem Service in Moabit, leider nicht mehr so entspannt!
https://www.tripadvisor.de/Restaurant_Review-g187323-d12475273-Reviews-Ristorante_Pizzeria_Sapori_di_Casa-Berlin.html	MarkS12672	März 2019	50	5 STERNE SIND HIER ZU WENIG, NR 1 IN BERLIN
https://www.tripadvisor.de/Restaurant_Review-g187323-d12475273-Reviews-Ristorante_Pizzeria_Sapori_di_Casa-Berlin.html	GeraldS927	März 2019	50	Top Family Restaurant
https://www.tripadvisor.de/Restaurant_Review-g187323-d12475273-Reviews-Ristorante_Pizzeria_Sapori_di_Casa-Berlin.html	P8284MKericv	März 2019	50	Het wachten waard
https://www.tripadvisor.de/Restaurant_Review-g187323-d12475273-Reviews-Ristorante_Pizzeria_Sapori_di_Casa-Berlin.html	Samira K	Februar 2019	50	Excellent.... accueil chaleureux
https://www.tripadvisor.de/Restaurant_Review-g187323-d12475273-Reviews-Ristorante_Pizzeria_Sapori_di_Casa-Berlin.html	Sira2014	Februar 2019	50	Schnell was essen....
https://www.tripadvisor.de/Restaurant_Review-g187323-d12475273-Reviews-Ristorante_Pizzeria_Sapori_di_Casa-Berlin.html	H-R-S-P	Februar 2019	50	Heerlijk gegeten en heel gezellig
https://www.tripadvisor.de/Restaurant_Review-g187323-d12475273-Reviews-Ristorante_Pizzeria_Sapori_di_Casa-Berlin.html	Flori-Arb	August 2018	50	Super Italiener!
https://www.tripadvisor.de/Restaurant_Review-g187323-d12475273-Reviews-Ristorante_Pizzeria_Sapori_di_Casa-Berlin.html	AnttiV42	Februar 2019	50	Better Italian food than in Italy
https://www.tripadvisor.de/Restaurant_Review-g187323-d12475273-Reviews-Ristorante_Pizzeria_Sapori_di_Casa-Berlin.html	NathalieL3183	Februar 2019	50	Magnifique
https://www.tripadvisor.de/Restaurant_Review-g187323-d12475273-Reviews-Ristorante_Pizzeria_Sapori_di_Casa-Berlin.html	mariadi2013	Februar 2019	50	I veri sapori di casa
https://www.tripadvisor.de/Restaurant_Review-g187323-d12475273-Reviews-Ristorante_Pizzeria_Sapori_di_Casa-Berlin.html	guido r	Februar 2019	50	BRAVI !!!!
https://www.tripadvisor.de/Restaurant_Review-g187323-d12475273-Reviews-Ristorante_Pizzeria_Sapori_di_Casa-Berlin.html	bernhard5235	Dezember 2018	50	Familienbetrieb mi hervorragendem Service und Küche
https://www.tripadvisor.de/Restaurant_Review-g187323-d12475273-Reviews-Ristorante_Pizzeria_Sapori_di_Casa-Berlin.html	347istvanu	Februar 2019	50	Sicilia in central Berlin
https://www.tripadvisor.de/Restaurant_Review-g187323-d12475273-Reviews-Ristorante_Pizzeria_Sapori_di_Casa-Berlin.html	NathanMazzoni	Januar 2019	50	PICCOLA ITALIA IN UNA GRANDE BERLINO
https://www.tripadvisor.de/Restaurant_Review-g187323-d12475273-Reviews-Ristorante_Pizzeria_Sapori_di_Casa-Berlin.html	Bellpaese	Januar 2019	50	Feines Essen, freundliche Bedienung
https://www.tripadvisor.de/Restaurant_Review-g187323-d12475273-Reviews-Ristorante_Pizzeria_Sapori_di_Casa-Berlin.html	Birgitta T	Januar 2019	30	zu großer Hype
https://www.tripadvisor.de/Restaurant_Review-g187323-d12475273-Reviews-Ristorante_Pizzeria_Sapori_di_Casa-Berlin.html	Dani302019	Januar 2019	50	Toll
https://www.tripadvisor.de/Restaurant_Review-g187323-d12475273-Reviews-Ristorante_Pizzeria_Sapori_di_Casa-Berlin.html	DreamawayParis	Januar 2019	50	Super sympathisches italienisches Restaurant
https://www.tripadvisor.de/Restaurant_Review-g187323-d12475273-Reviews-Ristorante_Pizzeria_Sapori_di_Casa-Berlin.html	matzk2014	Januar 2019	40	Tolle Pizza, nette Leute, schöner Laden
https://www.tripadvisor.de/Restaurant_Review-g187323-d12475273-Reviews-Ristorante_Pizzeria_Sapori_di_Casa-Berlin.html	barbiturica9	Januar 2019	50	genial
https://www.tripadvisor.de/Restaurant_Review-g187323-d12475273-Reviews-Ristorante_Pizzeria_Sapori_di_Casa-Berlin.html	552irinac	Januar 2019	50	Very nice restaurant!
https://www.tripadvisor.de/Restaurant_Review-g187323-d12475273-Reviews-Ristorante_Pizzeria_Sapori_di_Casa-Berlin.html	Lars K	Januar 2019	50	Pizza, Pasta und exzelente Fisch- und Fleischgerichte!
https://www.tripadvisor.de/Restaurant_Review-g187323-d12475273-Reviews-Ristorante_Pizzeria_Sapori_di_Casa-Berlin.html	oren3417	Januar 2019	50	Recommended
https://www.tripadvisor.de/Restaurant_Review-g187323-d12475273-Reviews-Ristorante_Pizzeria_Sapori_di_Casa-Berlin.html	B7998HSmarcoe	Januar 2019	50	Familienessen
https://www.tripadvisor.de/Restaurant_Review-g187323-d12475273-Reviews-Ristorante_Pizzeria_Sapori_di_Casa-Berlin.html	P9063FFburaky	Dezember 2018	50	Super Abend
https://www.tripadvisor.de/Restaurant_Review-g187323-d12475273-Reviews-Ristorante_Pizzeria_Sapori_di_Casa-Berlin.html	Vacanzepiemonte4	Januar 2019	50	Cena tra amici
https://www.tripadvisor.de/Restaurant_Review-g187323-d12475273-Reviews-Ristorante_Pizzeria_Sapori_di_Casa-Berlin.html	ianbever	Januar 2019	50	Excellent food, very friendly service
https://www.tripadvisor.de/Restaurant_Review-g187323-d12475273-Reviews-Ristorante_Pizzeria_Sapori_di_Casa-Berlin.html	Heike B	Januar 2019	50	Hervorragendes Essen, superfreundliches, aufmerksames Personal, sensationell gutes Preis/Leistungs Verhältnis
https://www.tripadvisor.de/Restaurant_Review-g187323-d12475273-Reviews-Ristorante_Pizzeria_Sapori_di_Casa-Berlin.html	RasmusB_11	Januar 2019	50	Fantastisk lækker mad
https://www.tripadvisor.de/Restaurant_Review-g187323-d12475273-Reviews-Ristorante_Pizzeria_Sapori_di_Casa-Berlin.html	996fabriziov	Dezember 2018	50	Uno stupendo spicchio di Sicilia a Berlino
https://www.tripadvisor.de/Restaurant_Review-g187323-d12475273-Reviews-Ristorante_Pizzeria_Sapori_di_Casa-Berlin.html	handynator	Dezember 2018	50	Einfach nur klasse - wir kommen wieder
https://www.tripadvisor.de/Restaurant_Review-g187323-d12475273-Reviews-Ristorante_Pizzeria_Sapori_di_Casa-Berlin.html	FoodCritic_1990	Dezember 2018	50	Fabulous, Friendly and great food!!
https://www.tripadvisor.de/Restaurant_Review-g187323-d12475273-Reviews-Ristorante_Pizzeria_Sapori_di_Casa-Berlin.html	LvonL	Dezember 2018	50	Fabelhaft
https://www.tripadvisor.de/Restaurant_Review-g187323-d12475273-Reviews-Ristorante_Pizzeria_Sapori_di_Casa-Berlin.html	Kathrin K	Dezember 2018	50	Tolle italienische Gastgeber
https://www.tripadvisor.de/Restaurant_Review-g187323-d12475273-Reviews-Ristorante_Pizzeria_Sapori_di_Casa-Berlin.html	Stephan S	Dezember 2018	50	Unfassbarer guter Italiener
https://www.tripadvisor.de/Restaurant_Review-g187323-d12475273-Reviews-Ristorante_Pizzeria_Sapori_di_Casa-Berlin.html	201jaken	Dezember 2018	50	Great value for money
https://www.tripadvisor.de/Restaurant_Review-g187323-d12475273-Reviews-Ristorante_Pizzeria_Sapori_di_Casa-Berlin.html	Sep L	Dezember 2018	50	Real Italian kitchen !
https://www.tripadvisor.de/Restaurant_Review-g187323-d12475273-Reviews-Ristorante_Pizzeria_Sapori_di_Casa-Berlin.html	nicolog715	Dezember 2018	50	Compleanno
https://www.tripadvisor.de/Restaurant_Review-g187323-d12475273-Reviews-Ristorante_Pizzeria_Sapori_di_Casa-Berlin.html	610janner	Dezember 2018	50	Cozy place with excellent food and service
https://www.tripadvisor.de/Restaurant_Review-g187323-d12475273-Reviews-Ristorante_Pizzeria_Sapori_di_Casa-Berlin.html	Martina F	Dezember 2018	50	Sehr nettes Restaurant
https://www.tripadvisor.de/Restaurant_Review-g187323-d12475273-Reviews-Ristorante_Pizzeria_Sapori_di_Casa-Berlin.html	emilfredeloekke	Dezember 2018	50	Super italiensk mad til billigere penge
https://www.tripadvisor.de/Restaurant_Review-g187323-d12475273-Reviews-Ristorante_Pizzeria_Sapori_di_Casa-Berlin.html	giuseppevittu	November 2018	50	Accoglienza speciale
https://www.tripadvisor.de/Restaurant_Review-g187323-d12475273-Reviews-Ristorante_Pizzeria_Sapori_di_Casa-Berlin.html	Sambhava	November 2018	50	Molto bene
https://www.tripadvisor.de/Restaurant_Review-g187323-d12475273-Reviews-Ristorante_Pizzeria_Sapori_di_Casa-Berlin.html	Peter H	November 2018	40	Gute italienische Küche und super freundlicher Service
https://www.tripadvisor.de/Restaurant_Review-g187323-d12475273-Reviews-Ristorante_Pizzeria_Sapori_di_Casa-Berlin.html	ASIPWS	November 2018	40	Muy rico
https://www.tripadvisor.de/Restaurant_Review-g187323-d12475273-Reviews-Ristorante_Pizzeria_Sapori_di_Casa-Berlin.html	wolfgangi63	November 2018	50	Wundervolles Essen
https://www.tripadvisor.de/Restaurant_Review-g187323-d12475273-Reviews-Ristorante_Pizzeria_Sapori_di_Casa-Berlin.html	Rhohbh	November 2018	50	Begeistert!
https://www.tripadvisor.de/Restaurant_Review-g187323-d12475273-Reviews-Ristorante_Pizzeria_Sapori_di_Casa-Berlin.html	10Stefan69	November 2018	50	Toller Restaurantbesuch - Alle Kategorien top
https://www.tripadvisor.de/Restaurant_Review-g187323-d12475273-Reviews-Ristorante_Pizzeria_Sapori_di_Casa-Berlin.html	Dennis H	Oktober 2018	50	Bestes italienisches Restaurant ever
https://www.tripadvisor.de/Restaurant_Review-g187323-d12475273-Reviews-Ristorante_Pizzeria_Sapori_di_Casa-Berlin.html	MelchiorS7	Oktober 2018	50	Perfecto
https://www.tripadvisor.de/Restaurant_Review-g187323-d12475273-Reviews-Ristorante_Pizzeria_Sapori_di_Casa-Berlin.html	Carine B	Oktober 2018	50	Heerlijk gegeten
https://www.tripadvisor.de/Restaurant_Review-g187323-d12475273-Reviews-Ristorante_Pizzeria_Sapori_di_Casa-Berlin.html	prettymousey95	Oktober 2018	50	The most fabulous evening!
https://www.tripadvisor.de/Restaurant_Review-g187323-d12475273-Reviews-Ristorante_Pizzeria_Sapori_di_Casa-Berlin.html	Thomas M	Oktober 2018	50	Essen von Herzen 💕 gemacht
https://www.tripadvisor.de/Restaurant_Review-g187323-d12475273-Reviews-Ristorante_Pizzeria_Sapori_di_Casa-Berlin.html	ThomasMoabit	Oktober 2018	50	Wunderbarer Italiener in Moabit
https://www.tripadvisor.de/Restaurant_Review-g187323-d12475273-Reviews-Ristorante_Pizzeria_Sapori_di_Casa-Berlin.html	t_rexxy93	Oktober 2018	50	Spätabends Pizza
https://www.tripadvisor.de/Restaurant_Review-g187323-d12475273-Reviews-Ristorante_Pizzeria_Sapori_di_Casa-Berlin.html	388mail	September 2018	50	Super! super! Super!
https://www.tripadvisor.de/Restaurant_Review-g187323-d12475273-Reviews-Ristorante_Pizzeria_Sapori_di_Casa-Berlin.html	J0seeE	September 2018	50	Petit souper italien très agréable
https://www.tripadvisor.de/Restaurant_Review-g187323-d12475273-Reviews-Ristorante_Pizzeria_Sapori_di_Casa-Berlin.html	Mattia P	September 2018	50	Autentica cucina italiana
https://www.tripadvisor.de/Restaurant_Review-g187323-d12475273-Reviews-Ristorante_Pizzeria_Sapori_di_Casa-Berlin.html	Tom S	September 2018	50	Excellent Italian Restaurant
https://www.tripadvisor.de/Restaurant_Review-g187323-d12475273-Reviews-Ristorante_Pizzeria_Sapori_di_Casa-Berlin.html	O9725RIpaulo	September 2018	40	Great Little Find
https://www.tripadvisor.de/Restaurant_Review-g187323-d12475273-Reviews-Ristorante_Pizzeria_Sapori_di_Casa-Berlin.html	michaelkN2740PJ	September 2018	50	Lecker!
https://www.tripadvisor.de/Restaurant_Review-g187323-d12475273-Reviews-Ristorante_Pizzeria_Sapori_di_Casa-Berlin.html	752margauxf	Juli 2018	50	Excellent
https://www.tripadvisor.de/Restaurant_Review-g187323-d12475273-Reviews-Ristorante_Pizzeria_Sapori_di_Casa-Berlin.html	Q9525ZRcristinad	August 2018	50	Super feines Essen
https://www.tripadvisor.de/Restaurant_Review-g187323-d12475273-Reviews-Ristorante_Pizzeria_Sapori_di_Casa-Berlin.html	Aversastyle	Juli 2018	50	A cena da Sapori di casa
https://www.tripadvisor.de/Restaurant_Review-g187323-d12475273-Reviews-Ristorante_Pizzeria_Sapori_di_Casa-Berlin.html	MrMZBB	Juli 2018	50	Vollauf zufrieden
https://www.tripadvisor.de/Restaurant_Review-g187323-d12475273-Reviews-Ristorante_Pizzeria_Sapori_di_Casa-Berlin.html	chhoeltge	Juni 2018	50	Unser neuer Stammitaliener in Berlin
https://www.tripadvisor.de/Restaurant_Review-g187323-d12475273-Reviews-Ristorante_Pizzeria_Sapori_di_Casa-Berlin.html	chiara s	Juni 2018	50	La vera cucina italiana
https://www.tripadvisor.de/Restaurant_Review-g187323-d12475273-Reviews-Ristorante_Pizzeria_Sapori_di_Casa-Berlin.html	Carmela R	Juni 2018	50	Good experience
https://www.tripadvisor.de/Restaurant_Review-g187323-d12475273-Reviews-Ristorante_Pizzeria_Sapori_di_Casa-Berlin.html	Simona L	April 2018	50	Topo
https://www.tripadvisor.de/Restaurant_Review-g187323-d12475273-Reviews-Ristorante_Pizzeria_Sapori_di_Casa-Berlin.html	Pina B	April 2018	50	Ristorante eccellente
https://www.tripadvisor.de/Restaurant_Review-g187323-d12475273-Reviews-Ristorante_Pizzeria_Sapori_di_Casa-Berlin.html	797armandf	April 2018	50	l Italie
https://www.tripadvisor.de/Restaurant_Review-g187323-d12475273-Reviews-Ristorante_Pizzeria_Sapori_di_Casa-Berlin.html	udinitho	April 2018	50	Top
https://www.tripadvisor.de/Restaurant_Review-g187323-d12475273-Reviews-Ristorante_Pizzeria_Sapori_di_Casa-Berlin.html	492tobiasm	Februar 2018	50	Tolle Empfehlung und besser als in Sizilien
https://www.tripadvisor.de/Restaurant_Review-g187323-d12475273-Reviews-Ristorante_Pizzeria_Sapori_di_Casa-Berlin.html	sallyandcraig2016	Februar 2018	50	An excellent Italian
https://www.tripadvisor.de/Restaurant_Review-g187323-d12475273-Reviews-Ristorante_Pizzeria_Sapori_di_Casa-Berlin.html	489julianeh	Februar 2018	50	Potential zum Stammitaliener
https://www.tripadvisor.de/Restaurant_Review-g187323-d12475273-Reviews-Ristorante_Pizzeria_Sapori_di_Casa-Berlin.html	InspektorWietzendorf	Januar 2018	50	Leckere italienische Gerichte
https://www.tripadvisor.de/Restaurant_Review-g187323-d12475273-Reviews-Ristorante_Pizzeria_Sapori_di_Casa-Berlin.html	doc_heisenberg	Januar 2018	50	Endlich ein kompletter Italiener in Moabit!
https://www.tripadvisor.de/Restaurant_Review-g187323-d10700265-Reviews-Restaurant_Buschbeck_s-Berlin.html				
https://www.tripadvisor.de/Restaurant_Review-g187323-d12475273-Reviews-Ristorante_Pizzeria_Sapori_di_Casa-Berlin.html	holly749	Dezember 2017	50	Great value, lovely food & friendly staff
https://www.tripadvisor.de/Restaurant_Review-g187323-d12475273-Reviews-Ristorante_Pizzeria_Sapori_di_Casa-Berlin.html	sadam1985	November 2017	50	Empfehlung - ein Besuch wert
https://www.tripadvisor.de/Restaurant_Review-g187323-d12475273-Reviews-Ristorante_Pizzeria_Sapori_di_Casa-Berlin.html	wolfgangi63	Oktober 2017	40	Gut in Moabit
https://www.tripadvisor.de/Restaurant_Review-g187323-d12475273-Reviews-Ristorante_Pizzeria_Sapori_di_Casa-Berlin.html	Cony_85	Oktober 2017	50	Un’isola felice
https://www.tripadvisor.de/Restaurant_Review-g187323-d12475273-Reviews-Ristorante_Pizzeria_Sapori_di_Casa-Berlin.html	janmarcussen	Oktober 2017	50	Very nice dinner
https://www.tripadvisor.de/Restaurant_Review-g187323-d12475273-Reviews-Ristorante_Pizzeria_Sapori_di_Casa-Berlin.html	redroselass2014	Mai 2017	50	Primo Italiano - fab food, fab service
https://www.tripadvisor.de/Restaurant_Review-g187323-d12475273-Reviews-Ristorante_Pizzeria_Sapori_di_Casa-Berlin.html	yhalmudt	September 2017	50	Bester Italiener in Moabit
https://www.tripadvisor.de/Restaurant_Review-g187323-d12475273-Reviews-Ristorante_Pizzeria_Sapori_di_Casa-Berlin.html	achimstark1964	August 2017	50	Super Italiener
